"","sex","tvshow"
"1","boy","loneranger"
"2","boy","loneranger"
"3","boy","loneranger"
"4","boy","loneranger"
"5","boy","loneranger"
"6","boy","loneranger"
"7","boy","loneranger"
"8","boy","loneranger"
"9","boy","loneranger"
"10","boy","loneranger"
"11","boy","loneranger"
"12","boy","loneranger"
"13","boy","loneranger"
"14","boy","loneranger"
"15","boy","loneranger"
"16","boy","loneranger"
"17","boy","loneranger"
"18","boy","loneranger"
"19","boy","loneranger"
"20","boy","loneranger"
"21","boy","loneranger"
"22","boy","loneranger"
"23","boy","loneranger"
"24","boy","loneranger"
"25","boy","loneranger"
"26","boy","loneranger"
"27","boy","loneranger"
"28","boy","loneranger"
"29","boy","loneranger"
"30","boy","loneranger"
"31","boy","loneranger"
"32","boy","loneranger"
"33","boy","loneranger"
"34","boy","loneranger"
"35","boy","loneranger"
"36","boy","loneranger"
"37","boy","loneranger"
"38","boy","loneranger"
"39","boy","loneranger"
"40","boy","loneranger"
"41","boy","loneranger"
"42","boy","loneranger"
"43","boy","loneranger"
"44","boy","loneranger"
"45","boy","loneranger"
"46","boy","loneranger"
"47","boy","loneranger"
"48","boy","loneranger"
"49","boy","loneranger"
"50","boy","loneranger"
"51","boy","sesame"
"52","boy","sesame"
"53","boy","sesame"
"54","boy","sesame"
"55","boy","sesame"
"56","boy","sesame"
"57","boy","sesame"
"58","boy","sesame"
"59","boy","sesame"
"60","boy","sesame"
"61","boy","sesame"
"62","boy","sesame"
"63","boy","sesame"
"64","boy","sesame"
"65","boy","sesame"
"66","boy","sesame"
"67","boy","sesame"
"68","boy","sesame"
"69","boy","sesame"
"70","boy","sesame"
"71","boy","sesame"
"72","boy","sesame"
"73","boy","sesame"
"74","boy","sesame"
"75","boy","sesame"
"76","boy","sesame"
"77","boy","sesame"
"78","boy","sesame"
"79","boy","sesame"
"80","boy","sesame"
"81","girl","loneranger"
"82","girl","loneranger"
"83","girl","loneranger"
"84","girl","loneranger"
"85","girl","loneranger"
"86","girl","loneranger"
"87","girl","loneranger"
"88","girl","loneranger"
"89","girl","loneranger"
"90","girl","loneranger"
"91","girl","loneranger"
"92","girl","loneranger"
"93","girl","loneranger"
"94","girl","loneranger"
"95","girl","loneranger"
"96","girl","loneranger"
"97","girl","loneranger"
"98","girl","loneranger"
"99","girl","loneranger"
"100","girl","loneranger"
"101","girl","loneranger"
"102","girl","loneranger"
"103","girl","loneranger"
"104","girl","loneranger"
"105","girl","loneranger"
"106","girl","loneranger"
"107","girl","loneranger"
"108","girl","loneranger"
"109","girl","loneranger"
"110","girl","loneranger"
"111","girl","loneranger"
"112","girl","loneranger"
"113","girl","loneranger"
"114","girl","loneranger"
"115","girl","loneranger"
"116","girl","loneranger"
"117","girl","loneranger"
"118","girl","loneranger"
"119","girl","loneranger"
"120","girl","loneranger"
"121","girl","loneranger"
"122","girl","loneranger"
"123","girl","loneranger"
"124","girl","loneranger"
"125","girl","loneranger"
"126","girl","loneranger"
"127","girl","loneranger"
"128","girl","loneranger"
"129","girl","loneranger"
"130","girl","loneranger"
"131","girl","sesame"
"132","girl","sesame"
"133","girl","sesame"
"134","girl","sesame"
"135","girl","sesame"
"136","girl","sesame"
"137","girl","sesame"
"138","girl","sesame"
"139","girl","sesame"
"140","girl","sesame"
"141","girl","sesame"
"142","girl","sesame"
"143","girl","sesame"
"144","girl","sesame"
"145","girl","sesame"
"146","girl","sesame"
"147","girl","sesame"
"148","girl","sesame"
"149","girl","sesame"
"150","girl","sesame"
"151","girl","sesame"
"152","girl","sesame"
"153","girl","sesame"
"154","girl","sesame"
"155","girl","sesame"
"156","girl","sesame"
"157","girl","sesame"
"158","girl","sesame"
"159","girl","sesame"
"160","girl","sesame"
"161","girl","sesame"
"162","girl","sesame"
"163","girl","sesame"
"164","girl","sesame"
"165","girl","sesame"
"166","girl","sesame"
"167","girl","sesame"
"168","girl","sesame"
"169","girl","sesame"
"170","girl","sesame"
"171","girl","sesame"
"172","girl","sesame"
"173","girl","sesame"
"174","girl","sesame"
"175","girl","sesame"
"176","girl","sesame"
"177","girl","sesame"
"178","girl","sesame"
"179","girl","sesame"
"180","girl","sesame"
"181","girl","sesame"
"182","girl","sesame"
"183","girl","sesame"
"184","girl","sesame"
"185","girl","sesame"
"186","girl","sesame"
"187","girl","sesame"
"188","girl","sesame"
"189","girl","sesame"
"190","girl","sesame"
"191","girl","sesame"
"192","girl","sesame"
"193","girl","sesame"
"194","girl","sesame"
"195","girl","sesame"
"196","girl","sesame"
"197","girl","sesame"
"198","girl","sesame"
"199","girl","sesame"
"200","girl","sesame"
"201","girl","sesame"
"202","girl","sesame"
"203","girl","sesame"
"204","girl","sesame"
"205","girl","sesame"
"206","girl","sesame"
"207","girl","sesame"
"208","girl","sesame"
"209","girl","sesame"
"210","girl","sesame"
